2015_NDVI,GEOID10
0.099194557,42101009400
0.077633718,42101009500
0.094787224,42101009600
0.130629581,42101013800
0.151830062,42101013900
0.095882512,42101014000
0.094401635,42101014100
0.070561695,42101014400
0.122509065,42101014500
0.107592789,42101014600
0.092199416,42101014700
0.136430782,42101014800
0.133444174,42101014900
0.149114665,42101015200
0.070073316,42101015300
0.091725603,42101015600
0.098046783,42101019200
0.091236848,42101019700
0.102978916,42101019800
0.093756939,42101019900
0.066993276,42101020000
0.155071275,42101020200
0.117875886,42101020300
0.117328824,42101020400
0.135435967,42101020500
0.067601709,42101001400
0.082965773,42101001500
0.056574105,42101001600
0.074212476,42101001700
0.041001649,42101001800
0.037480521,42101001900
0.102493738,42101002000
0.066844972,42101002100
0.056303506,42101002200
0.070255879,42101002300
0.040183313,42101002400
0.085239586,42101002500
0.071058605,42101002900
0.094475341,42101003100
0.24491701,42101005600
0.140197909,42101006000
0.172435062,42101006100
0.122512181,42101006200
0.153750877,42101006300
0.118318847,42101010000
0.094858927,42101010100
0.094710015,42101010200
0.105691222,42101010300
0.126341359,42101010400
0.12483127,42101010500
0.132855886,42101010600
0.112910886,42101010700
0.129421328,42101010800
0.085786291,42101010900
0.125000549,42101011000
0.117421976,42101011100
0.081672872,42101011200
0.095632761,42101011300
0.132259406,42101011400
0.074494941,42101015700
0.074591768,42101015800
0.06486995,42101016000
0.095764829,42101016100
0.116731483,42101016200
0.09617454,42101016300
0.112289207,42101016400
0.141584822,42101016500
0.086627998,42101016600
0.140541604,42101016800
0.018572959,42101003901
0.106911417,42101016902
0.11275461,42101016901
0.267167255,42101020800
0.149134292,42101021100
0.180100961,42101021200
0.158814965,42101021300
0.152112154,42101024100
0.169963903,42101024200
0.241872421,42101024300
0.18064306,42101024400
0.197065306,42101024500
0.151262363,42101024600
0.206302247,42101024700
0.162335052,42101024800
0.159546866,42101024900
0.176228441,42101025200
0.160625131,42101025300
0.194036752,42101025400
0.235279252,42101025500
0.150857448,42101028300
0.167329505,42101028400
0.132089859,42101028500
0.129557632,42101028600
0.092874331,42101028700
0.107891925,42101028800
0.157472819,42101029100
0.139751498,42101029300
0.123041258,42101029400
0.118659253,42101029800
0.138346934,42101033300
0.103106336,42101033400
0.11252989,42101033500
0.135075787,42101033600
0.189356312,42101033800
0.210612934,42101033900
0.163431455,42101034100
0.22853426,42101034200
0.122624051,42101006600
0.19089171,42101034702
0.071961821,42101003800
0.084676213,42101008302
0.115999522,42101017602
0.104992198,42101001002
0.118885751,42101001001
0.037138579,42101000402
0.144249861,42101012203
0.08833002,42101013602
0.145724402,42101034501
0.153961155,42101034502
0.088842322,42101001102
0.056042813,42101000902
0.036089211,42101000901
0.091368558,42101017201
0.078881779,42101017202
0.112710421,42101027401
0.110056704,42101020101
0.092394911,42101020102
0.086541705,42101031101
0.105085346,42101031102
0.093520006,42101019502
0.103124097,42101019501
0.143760591,42101028901
0.07537618,42101033101
0.15294532,42101033102
0.075874606,42101031501
0.117263762,42101030501
0.150379331,42101030502
0.169468603,42101009802
0.122022392,42101018001
0.097885605,42101017702
0.103043604,42101017701
0.168415406,42101035702
0.138600469,42101015101
0.155359316,42101015102
0.094519608,42101013402
0.114485541,42101013401
0.094231826,42101013601
0.085107415,42101037900
0.095008001,42101038000
0.329650422,42101038400
0.084203751,42101000100
0.022542459,42101000200
0.021453573,42101000500
0.019290416,42101000600
0.116386994,42101003200
0.115717496,42101003600
0.064145341,42101003701
0.049698729,42101003702
0.056689674,42101004101
0.001520936,42101004002
0.055729644,42101003902
0.022470289,42101004001
0.04963743,42101004102
0.066498099,42101004202
0.053168166,42101004201
0.129613268,42101007900
0.111643252,42101008000
0.091863142,42101017601
0.075552556,42101008400
0.072848506,42101008500
0.096429722,42101009000
0.078797316,42101009100
0.13244649,42101009200
0.097659597,42101009300
0.155676609,42101006700
0.092846884,42101007000
0.099749088,42101007200
0.102134312,42101007300
0.12767799,42101007400
0.186677332,42101007700
0.145652506,42101007800
0.110909893,42101011500
0.206736904,42101011700
0.101684647,42101011800
0.172237116,42101011900
0.250591593,42101012000
0.102729901,42101013100
0.087507065,42101013200
0.054078432,42101013300
0.114759393,42101013500
0.087286988,42101013700
0.159421363,42101017100
0.106359686,42101017300
0.119634221,42101017400
0.105351786,42101017800
0.111562584,42101017900
0.090024066,42101018800
0.221825668,42101021700
0.252120788,42101021800
0.283364258,42101023500
0.254237537,42101023600
0.225899735,42101023700
0.197954437,42101023800
0.163541079,42101024000
0.206766905,42101025700
0.242653757,42101025800
0.131328328,42101025900
0.173333884,42101026000
0.171273473,42101026100
0.183637505,42101026200
0.14321829,42101026302
0.189361982,42101026400
0.154010379,42101026500
0.178522555,42101026600
0.113061738,42101026700
0.177903312,42101026800
0.152171528,42101029900
0.139773567,42101030000
0.170049635,42101030100
0.122025819,42101030200
0.166006254,42101030600
0.174229502,42101030700
0.20032104,42101030800
0.164689116,42101030900
0.147404334,42101031000
0.114773664,42101031200
0.115609276,42101031300
0.082191281,42101031600
0.14320294,42101031700
0.255030322,42101036303
0.184886843,42101034900
0.135946008,42101026301
0.024073313,42101000804
0.046136701,42101001202
0.106071405,42101000803
0.053274934,42101002702
0.084699843,42101003002
0.046117234,42101003001
0.035037545,42101002802
0.042435871,42101002701
0.108574013,42101980600
0.135713246,42101033701
0.188216006,42101033702
0.104975127,42101031502
0.085572618,42101031401
0.117769695,42101031402
0.104956576,42101016701
0.075101159,42101016702
0.168889746,42101027901
0.239761378,42101027902
0.070853007,42101008101
0.096066706,42101007102
0.107324701,42101008802
0.09537232,42101008702
0.109328256,42101008701
0.080115405,42101008102
0.054450324,42101008602
0.059218292,42101018002
0.070274794,42101008801
0.142338974,42101009801
0.100106676,42101007101
0.027522197,42101002801
0.060236428,42101001101
0.117167928,42101027402
0.101632344,42101008601
0.197566505,42101036502
0.054425162,42101036700
0.053405746,42101037600
0.258746601,42101038900
0.262363277,42101026900
0.2428411,42101027000
0.172944137,42101027500
0.133921109,42101027600
0.145569877,42101027700
0.138273679,42101027800
0.150990576,42101028000
0.169407265,42101028100
0.15609021,42101028200
0.11957382,42101031800
0.17778347,42101031900
0.089876,42101032000
0.116339278,42101032100
0.142076012,42101032300
0.144110312,42101032500
0.08233469,42101032600
0.072367997,42101033000
0.188661681,42101033200
0.176202645,42101036302
0.12737127,42101037200
0.137206716,42101038300
0.128768116,42101039000
0.109542752,42101037700
0.203174684,42101036501
0.287670619,42101012100
0.118155254,42101036900
0.164309174,42101005000
0.119023015,42101001201
0.205269749,42101020600
0.308435301,42101038500
0.190931314,42101012201
0.193063658,42101036202
0.291120093,42101029200
0.176048388,42101027200
0.164833444,42101036301
0.349206202,42101980100
0.202522642,42101029000
0.120168255,42101019100
0.077888309,42101001300
0.166175092,42101035500
0.157882693,42101018300
0.224853105,42101021500
0.20776821,42101989100
0.353583775,42101980800
0.161754461,42101034701
0.15817245,42101008301
0.321446545,42101038600
0.202455836,42101034801
0.170858703,42101035602
0.261514725,42101037300
0.23836309,42101036400
0.202600506,42101034802
0.231470325,42101034400
0.220549371,42101034803
0.236153989,42101021600
0.233605265,42101036201
0.248506683,42101005400
0.104997093,42101019000
0.070607967,42101000300
0.13277956,42101020900
-0.030901642,42101036600
0.097122408,42101017500
0.237073635,42101035301
0.145746457,42101980900
0.175349568,42101032900
0.150210309,42101034600
0.179105903,42101980300
0.230033429,42101028902
0.112056635,42101036000
0.144571915,42101008200
0.061979379,42101000401
0.22681415,42101035302
0.273368574,42101038800
0.270626097,42101023900
0.075528449,42101038100
0.177731482,42101006900
0.303876627,42101021900
0.203911872,42101012204
0.296494363,42101980500
0.105822465,42101003300
0.173112651,42101035100
0.147147366,42101980400
0.111142376,42101021000
0.047069394,42101000700
0.149934185,42101027100
0.127949997,42101012500
0.206447981,42101036203
-0.031345519,42101014300
0.014629719,42101014200
0.254667316,42101025600
0.118155315,42101037800
0.146532646,42101035701
0.208483604,42101035900
0.210157205,42101035601
0.092995847,42101000801
0.259141349,42101035200
0.173734366,42101020700
0.168013365,42101021400
0.237979648,42101037500
0.240793897,42101034000
0.201245516,42101035800
0.335007695,42101980200
0.048183342,42101018400
0.16327911,42101017000
0.191485977,42101006400
0.31574535,42101038700
0.19881438,42101036100
0.255072385,42101980000
0.345533656,42101022000
0.189479373,42101005500
0.095163551,42101038200
0.238386312,42101006500
0.296065396,42101023100
0.073194326,42101980700
0.16523279,42101027300
