"true_ozone","nondiff_misclass_ozone","diff_misclass_ozone","asthma"
47.4671147420281,46.6283445071446,47.4671147420281,0
56.9729674799095,51.3922858666927,56.9729674799095,0
53.8162436527169,60.9307431967734,53.8162436527169,0
68.3017721412677,67.3762026529924,68.3017721412677,0
56.7545690576626,24.8392330443136,56.7545690576626,0
59.7794513142555,44.7458954430907,59.7794513142555,0
46.2731397292613,38.5060719826891,46.2731397292613,0
65.7179906633735,98.8711368714865,65.7179906633735,0
42.6211086120585,47.4958751602837,42.6211086120585,0
49.602068029068,30.4499351071005,5,1
56.348292156663,87.5276871407014,56.348292156663,0
56.444116904277,64.7078995976285,56.444116904277,0
51.9754907172497,82.1326977438068,54.3792537497276,1
66.0976074981765,61.7839689753325,66.0976074981765,0
56.850692516333,64.0732789881965,56.850692516333,0
54.5602493615598,33.8824116913922,54.5602493615598,0
49.1671862964475,63.0108443589181,49.1671862964475,0
62.6628438605489,50.3674815842937,62.6628438605489,0
41.2927872194622,31.5511892395326,41.2927872194622,0
89.6544523416858,111.991017972155,160.456300147252,1
48.4286502830902,34.310427622239,48.4286502830902,0
66.4609092461566,48.8508350651232,66.4609092461566,0
58.9294193708932,70.8260983497495,58.9294193708932,0
66.6010689516767,54.6598167169334,66.6010689516767,0
42.7843131268682,57.6260303344777,5,1
48.4232414638809,80.0312855133661,48.4232414638809,0
44.1966767467589,71.6062819110219,44.1966767467589,0
58.4641679837895,64.3558364352605,58.4641679837895,0
37.6340580640025,36.1992252454874,37.6340580640025,0
58.7061398909323,69.8110622999322,58.7061398909323,0
53.6332965779076,70.6629561816984,53.6332965779076,0
81.3606343304207,93.2621370525353,81.3606343304207,0
52.9310558240328,64.284215478808,52.9310558240328,0
53.3320975707636,48.6344752146035,5,1
44.6497851914587,7.25795626497955,44.6497851914587,0
51.6730865497046,50.5472976014977,51.6730865497046,0
57.7436152539205,43.8338609436671,57.7436152539205,0
61.2598492934012,79.782167158825,61.2598492934012,0
70.9810349056832,73.7307385520114,70.9810349056832,0
69.5530302601081,82.1285200810038,69.5530302601081,0
53.4755614230755,63.5349898861968,53.4755614230755,0
76.0480523283731,55.5871453839069,76.0480523283731,0
28.3483655155803,38.327466682383,28.3483655155803,0
64.3430108648651,75.2363503093379,64.3430108648651,0
47.1657497308449,51.5718871123015,47.1657497308449,0
74.8334643352705,60.8117803575525,92.5039793183761,1
49.5483950973302,68.2755495059372,6.12427871509584,1
74.785986138532,49.4403907769045,38.8636119130637,1
55.6566860146645,77.8923453833773,90.3571837401074,1
26.8201617699072,43.1888108305901,26.8201617699072,0
48.2940672697053,43.5612965346801,48.2940672697053,0
28.9210307918815,56.9818066277799,28.9210307918815,0
57.6829727294073,61.8347906172305,57.6829727294073,0
83.4619855021932,73.9774338359363,62.7633605548069,1
20.9211177097106,34.6969307371815,20.9211177097106,0
69.7069620810191,72.8664763175019,69.7069620810191,0
34.0176157556133,5.30324473847613,34.0176157556133,0
82.3730863441537,77.9903870583213,82.3730863441537,0
75.7194809489324,51.1739510832952,80.7968006539439,1
42.4172218744847,33.2492914311551,42.4172218744847,0
51.0700633822895,44.2682706362922,51.0700633822895,0
53.9673395797447,74.330088426825,131.090999708212,1
49.3167466520484,27.2205344425348,49.8091812640958,1
93.729383915865,95.2731492465923,93.729383915865,0
56.9475120601838,59.9204171253182,56.9475120601838,0
44.3046252967547,37.7105872324839,44.3046252967547,0
64.5699136437924,53.4062741400787,64.5699136437924,0
58.0253738742388,69.1539885303963,58.0253738742388,0
53.9512457763969,61.0798002344683,53.9512457763969,0
53.6126518689588,57.2614955627374,53.6126518689588,0
61.7335490966706,65.7048921189164,61.7335490966706,0
39.0346649396895,63.6848929402591,39.0346649396895,0
37.5637101678666,52.3688838079488,37.5637101678666,0
79.7278262005668,74.5242424050682,79.7278262005668,0
24.0685597099013,21.8490704796183,24.0685597099013,0
55.1912458144745,51.0780845150323,55.1912458144745,0
38.6870747603436,57.1730939533653,38.6870747603436,0
59.0580923980651,52.9456905257267,59.0580923980651,0
70.126778099091,53.7522500818741,70.126778099091,0
23.8839286861533,32.6698125303124,23.8839286861533,0
68.4523340767842,83.0190927915613,68.4523340767842,0
54.2500634968593,64.5059116323743,54.2500634968593,0
34.8197603433494,50.5028203053118,34.8197603433494,0
26.0318269847539,28.4969114309561,26.0318269847539,0
65.6437237521564,39.5839150428568,65.6437237521564,0
52.6314245212553,58.0244155677337,52.6314245212553,0
58.2455180906274,74.806734434848,58.2455180906274,0
67.2604311366288,77.9866889588331,67.2604311366288,0
80.9076363175487,70.6642206524991,80.9076363175487,0
53.4434456130509,65.3245832286791,53.4434456130509,0
46.6431656376355,66.4817604686443,46.6431656376355,0
76.4245214481469,106.50735191669,72.031702980454,1
41.6056389684979,60.8883136382009,41.6056389684979,0
37.6364313989099,39.3922927731793,37.6364313989099,0
47.0455531760641,61.0700406439408,47.0455531760641,0
91.6852413650024,111.680479035158,65.8623485726482,1
42.5125630300388,57.2355751631128,42.5125630300388,0
61.2027977324485,71.0450651861802,61.2027977324485,0
37.3197528891306,52.4241374837902,37.3197528891306,0
37.3894786229616,13.2270325658009,5.43805538735396,1
50.0061497353823,46.1677500744177,50.0061497353823,0
75.4467056038374,104.069335494557,100.659269058818,1
47.9627899063545,58.4860391501786,47.9627899063545,0
67.6431344820488,57.3577059285442,67.6431344820488,0
33.1300941618687,28.0656803542729,33.1300941618687,0
48.9954111992662,33.6745367496184,48.9954111992662,0
43.3537407199552,68.1131718775898,43.3537407199552,0
49.4605523304849,23.1820995737172,11.2226042478084,1
73.6015218792518,100.653913220084,73.6015218792518,0
53.3884928749003,32.4236113990192,53.3884928749003,0
57.588902593363,80.4590913127894,57.588902593363,0
58.8190190237293,92.4933837503825,58.8190190237293,0
45.7819925650837,52.5278946116121,45.7819925650837,0
33.5617735599847,35.7834840166112,33.5617735599847,0
50.0353684807594,45.4232239264849,50.0353684807594,0
56.925790950642,77.562993712921,111.923565880917,1
70.2717998869465,93.5560324441201,81.0856055235347,1
51.1663946265437,50.5411868420982,59.9297765699955,1
50.4618848396096,35.4774335502584,50.4618848396096,0
79.2278602388841,96.8366481032913,79.2278602388841,0
43.3942996817912,45.3349910161,63.3940309962876,1
61.3600360234398,60.152542950789,61.3600360234398,0
46.2407952800596,49.9156986174763,46.2407952800596,0
61.2255351834871,54.216400471356,61.2255351834871,0
31.8210751506402,32.5676811937338,31.8210751506402,0
47.2187574287791,93.6025052205396,47.2187574287791,0
50.8031266847097,65.8299050713277,50.8031266847097,0
70.1118607311374,63.1257685369412,70.1118607311374,0
47.9564506957745,55.4676717030294,47.9564506957745,0
59.4684555756609,42.459210003076,59.4684555756609,0
48.7330835039106,29.2751098336868,48.7330835039106,0
42.2442883556319,28.8723671757195,42.2442883556319,0
65.3356929155863,55.4721769928892,65.3356929155863,0
48.0970570785706,44.0704183959195,92.3585483170347,1
75.2227656631736,47.7806418614756,75.2227656631736,0
61.6460707639527,65.0717744059626,61.6460707639527,0
52.7361071745884,63.2290530368455,52.7361071745884,0
61.8332328522222,81.1335275166348,54.3867898945222,1
54.3976797805195,34.0335882632078,54.3976797805195,0
61.8418156531967,62.8390364096737,61.8418156531967,0
48.8736245576835,57.305964475044,48.8736245576835,0
22.952592165849,25.6585782593462,22.952592165849,0
57.3523287457989,29.0891751382128,57.3523287457989,0
64.9007335175996,100.040611473884,64.9007335175996,0
40.2724838038963,52.45814932038,40.2724838038963,0
38.2953444369493,37.768330287932,38.2953444369493,0
48.4397848490583,35.1367469031798,48.4397848490583,0
47.2583312998988,54.2936792468885,47.2583312998988,0
61.2849398585655,86.7980503611618,61.2849398585655,0
57.012331550734,82.0816308446629,57.012331550734,0
70.5202968183401,73.1827856674382,19.2148630634272,1
79.8025483902204,72.246667079968,79.8025483902204,0
54.7307977390471,56.3062633506567,54.7307977390471,0
54.636950190721,36.9496451291743,54.636950190721,0
58.7537035071242,71.3071662880858,58.7537035071242,0
49.9431319597406,53.8607749082089,49.9431319597406,0
53.2996944253442,38.5860719328349,53.2996944253442,0
53.5167562763092,87.0069006112964,5,1
58.9613023422411,50.1833526880007,58.9613023422411,0
57.08475528837,43.487374240611,57.08475528837,0
51.3659575174242,37.919418394021,51.3659575174242,0
55.8854707258466,47.9516778104685,55.8854707258466,0
52.3409219742418,56.2288356290418,52.3409219742418,0
66.9202040224022,63.6155656410073,66.9202040224022,0
55.1010668005886,78.2074046679727,55.1010668005886,0
45.5531456050937,26.8744008897203,45.5531456050937,0
51.2126532615467,70.0160841098224,51.2126532615467,0
44.6436675475391,40.9937277020947,44.6436675475391,0
58.038132178719,48.6970276465311,58.038132178719,0
67.6957215671864,52.4831725161134,67.6957215671864,0
64.4811109270909,63.7023846625458,64.4811109270909,0
58.0212028690492,44.5555371541746,58.0212028690492,0
53.6339403440735,39.6708333524152,53.6339403440735,0
59.3422618764497,78.1187502596813,59.3422618764497,0
54.1797259119183,81.1791767576788,54.1797259119183,0
24.3722521956727,14.9461876282315,24.3722521956727,0
60.3755386223042,57.5062167777459,60.3755386223042,0
49.4109872257592,30.7688564394165,49.4109872257592,0
74.0246326077745,71.1187255222645,74.0246326077745,0
87.5290047574921,93.9711650180291,87.5290047574921,0
36.4041573674422,38.5555882572642,36.4041573674422,0
63.8481083235032,60.0239293235415,63.8481083235032,0
56.8602893286241,46.0525818318756,56.8602893286241,0
47.1443832033288,49.3270086294493,47.1443832033288,0
64.3034200452949,35.3786544329768,84.5052331917637,1
65.6233237673257,53.826291954569,65.6233237673257,0
53.6020247323662,65.4552280531014,53.6020247323662,0
50.5720494862933,39.3969994811449,50.5720494862933,0
38.7127715365781,5,38.7127715365781,0
45.6277741534047,22.2208883677827,45.6277741534047,0
51.5049018529467,74.4080963657885,51.5049018529467,0
51.2377470436332,79.2260678644504,51.2377470436332,0
69.3084300433578,41.9417277842761,69.3084300433578,0
51.0104123998999,59.4707790324726,51.0104123998999,0
83.4291391995005,78.0048724575169,83.4291391995005,0
48.550137591271,39.7855182166265,48.550137591271,0
78.633204916284,87.768353729127,78.633204916284,0
57.4291179958491,65.3459654184708,57.4291179958491,0
38.7182063958144,33.5449486850927,120.240669200629,1
63.6540595078675,53.5407707817851,63.6540595078675,0
55.4225764932536,50.9008454123533,33.8932795887432,1
49.6494489133322,41.1366211741358,49.6494489133322,0
67.7893956311381,45.0973717414445,67.7893956311381,0
62.7004787233664,80.5103092097623,62.7004787233664,0
70.2730449575905,51.1352105466436,70.2730449575905,0
39.6778137288203,29.5539323951936,39.6778137288203,0
46.5749759359065,40.2407969247065,46.5749759359065,0
39.8116588264823,20.9571745998974,39.8116588264823,0
9.68778551476932,5,9.68778551476932,0
59.9852540157506,77.0508029496304,59.9852540157506,0
73.6076734943317,84.6555684595473,73.6076734943317,0
65.0702439891617,88.8488689834177,65.0702439891617,0
35.0494883331769,51.5920603380537,35.0494883331769,0
42.2412952942266,27.5024188571456,42.2412952942266,0
28.1675388637275,40.6554906801957,28.1675388637275,0
73.4728287107499,49.9353012077213,73.4728287107499,0
49.9840048961091,69.7492272096147,49.9840048961091,0
40.4901684732108,63.5024282950637,40.4901684732108,0
68.190555225718,67.8285730615075,68.190555225718,0
51.1963196526241,42.0515416050126,51.1963196526241,0
32.2318631658358,33.9064045943324,32.2318631658358,0
54.641751172189,60.3819720820318,54.641751172189,0
55.3998920999656,41.1390966510737,55.3998920999656,0
57.4552180009154,76.7684190111802,5,1
61.1501190917671,74.0209729776436,61.1501190917671,0
45.589561001214,60.3304414336183,45.589561001214,0
64.5537700577899,59.8232342841966,64.5537700577899,0
36.9709782817508,37.457897651637,36.9709782817508,0
75.1981361880899,87.0636882669119,75.1981361880899,0
46.0184903448619,51.1109398119968,46.0184903448619,0
61.6330665665329,75.8021367220781,61.6330665665329,0
64.2028961313177,72.73478745148,64.2028961313177,0
50.5135544089932,54.3898062949213,50.5135544089932,0
30.9911785719287,27.5701261863036,30.9911785719287,0
49.9079956703023,54.5638383541997,49.9079956703023,0
46.2803838101326,22.1622022185027,46.2803838101326,0
49.1445698498162,35.6834161443631,49.1445698498162,0
67.6827153257316,80.5181497342662,67.6827153257316,0
65.2709080750435,35.8399695426108,65.2709080750435,0
58.5656962527245,72.7965107282512,58.5656962527245,0
44.3406717041186,45.9014816524513,44.3406717041186,0
94.1997843636107,78.5359251417178,94.1997843636107,0
30.6002897286248,41.2430910833979,30.6002897286248,0
30.8904056049547,33.5198055027424,30.8904056049547,0
60.1047616870849,44.2277158793446,60.1047616870849,0
95.9183156067886,85.7085108986931,48.5146531469827,1
50.0921494072164,34.8719951574189,91.6412756557184,1
36.146548776051,71.1957775847057,36.146548776051,0
48.5290284109475,30.9572780190656,48.5290284109475,0
93.23279871414,61.1113838194521,69.1649568059021,1
43.4288799700472,59.8936321070384,43.4288799700472,0
47.3898646941481,65.1054122046583,47.3898646941481,0
50.9496612432042,59.7623214531977,50.9496612432042,0
66.2217484513933,82.3643371244417,66.2217484513933,0
65.0289071569083,82.0787006705353,65.0289071569083,0
48.170520098777,59.5749100104691,48.170520098777,0
26.0823216355794,28.2894576110916,26.0823216355794,0
83.2296560049084,99.226456875959,83.605280396887,1
36.254333050985,29.8923079203749,36.254333050985,0
47.6598254664639,42.0343563118469,47.6598254664639,0
58.2308692778207,42.4589705182186,48.7539077158328,1
61.3316301040598,42.0058782559127,61.3316301040598,0
36.6827758169692,44.5284412452106,36.6827758169692,0
59.6834173093337,58.4676818689905,59.6834173093337,0
68.296932011389,52.1767249317646,68.296932011389,0
62.1221603909072,68.5638043035256,62.1221603909072,0
68.0476203210423,65.0699505476334,68.0476203210423,0
41.7021430604233,30.9563694465463,41.7021430604233,0
53.0701670280853,48.5172039012042,53.0701670280853,0
71.4476574243844,67.5117788032467,100.747680126044,1
62.7704431991777,63.3573209323785,62.7704431991777,0
60.9704976265681,61.9092773373485,60.9704976265681,0
70.9998911566798,79.344556017636,70.9998911566798,0
48.2568987805575,46.4982780810652,48.2568987805575,0
64.3915297630088,55.8118372422723,5,1
42.7174607392824,46.8196861756274,42.7174607392824,0
51.0472568730913,38.4892607356429,51.0472568730913,0
57.3186292903844,54.8676027380613,57.3186292903844,0
63.5266832426979,71.4604666647241,63.5266832426979,0
15.0976048380899,7.54546826648148,15.0976048380899,0
72.0479881259582,90.4617612214068,72.0479881259582,0
61.3265916389387,49.3706519493363,61.3265916389387,0
75.2512389573617,77.972304976287,75.2512389573617,0
71.5563532762858,58.5094910693317,71.5563532762858,0
64.7056916464397,43.9250854488217,64.7056916464397,0
57.6345371531045,49.9454585080171,57.6345371531045,0
64.8033668007807,81.6177187821175,64.8033668007807,0
54.0176454434595,51.7019654437841,54.0176454434595,0
64.6828325900082,59.3203657365098,64.6828325900082,0
60.4644105501136,79.011658502556,60.4644105501136,0
67.6516235220446,78.9542662246582,67.6516235220446,0
44.8528170150262,58.6617259345873,44.8528170150262,0
49.1285064538439,59.2021232325226,49.1285064538439,0
61.0741096610589,66.109235255419,61.0741096610589,0
38.3971195702184,33.2178624475365,38.3971195702184,0
49.2504938798663,55.6487763007997,49.2504938798663,0
59.410303723767,41.0190696730509,59.410303723767,0
81.895910021088,81.3218340937473,81.895910021088,0
67.2104825660629,73.3207184155925,67.2104825660629,0
35.1996340603755,41.6426909141146,35.1996340603755,0
27.1683215954575,26.6228431363122,27.1683215954575,0
39.7215292758517,17.3538091604783,39.7215292758517,0
39.3233337029652,44.3554117642626,39.3233337029652,0
45.2306851995657,57.7334166149119,45.2306851995657,0
60.7402398000533,81.3273514097114,60.7402398000533,0
70.4784956552424,51.6816475614724,106.799752437467,1
56.9661246039412,57.2864897946356,56.9661246039412,0
60.6578760075744,65.3120444686555,60.6578760075744,0
26.684573769742,37.5360579684404,26.684573769742,0
62.8032910453631,62.2915912343162,62.8032910453631,0
67.8872974211093,70.413355214763,67.8872974211093,0
42.962670173652,49.8233771896282,42.962670173652,0
47.6205922511166,50.8184581988967,47.6205922511166,0
51.8356852311105,6.89173730611203,51.8356852311105,0
48.0448508672168,47.4347626733903,48.0448508672168,0
59.4921935080932,63.68303274895,59.4921935080932,0
45.91789259988,59.7348641911952,45.91789259988,0
48.4148179777096,35.8914344620459,48.4148179777096,0
44.1886955479888,61.1604792710957,44.1886955479888,0
66.7120754552821,52.4804942205898,66.7120754552821,0
36.6657358633605,57.5382500028056,36.6657358633605,0
68.367910546281,63.9406930429396,21.183476055412,1
58.808842643283,66.3998204352495,58.808842643283,0
54.0127536001011,97.609357171968,54.0127536001011,0
58.0219904853696,58.5002513194154,58.0219904853696,0
92.1655077076808,79.3370059341039,52.9517862221188,1
62.076291920669,73.3894647269901,48.2757993020821,1
74.892971241165,90.4823808113173,74.892971241165,0
65.0289772762481,101.265529013508,65.0289772762481,0
52.9390838000267,75.3722358224496,52.9390838000267,0
33.832424555703,22.3771056173022,33.832424555703,0
73.0054465722441,77.5569251053647,73.0054465722441,0
59.4863516178887,65.9927499399274,59.4863516178887,0
61.8434032378499,61.5310953504135,61.8434032378499,0
61.5711766625576,39.1949804071151,61.5711766625576,0
51.7746829285297,16.4487684541965,51.7746829285297,0
50.3181628591582,60.0130717726663,50.3181628591582,0
44.6105437138768,50.8147053414667,44.6105437138768,0
19.0565547503044,31.9017534574533,19.0565547503044,0
31.2358759952809,8.38194998539119,31.2358759952809,0
81.3812235003757,81.2971157218629,81.3812235003757,0
19.556698170197,5,19.556698170197,0
60.8975810140972,60.7681734432123,60.8975810140972,0
63.4890679691895,63.0267322521846,63.5306546488313,1
39.3401444421596,14.082526500396,39.3401444421596,0
70.3466993899432,80.3025237136704,70.3466993899432,0
47.3100397896928,22.5383872564948,47.3100397896928,0
55.7160501220959,63.7366151492129,55.7160501220959,0
75.8931549571924,79.1054846436245,75.8931549571924,0
48.5125131113717,58.8244554494421,48.5125131113717,0
52.9724824583065,55.7212992342794,52.9724824583065,0
74.466027251268,53.2050999129273,74.466027251268,0
53.9391027440856,65.2601625343415,53.9391027440856,0
48.6875770899358,62.0203071707481,48.6875770899358,0
72.120105360585,61.7111974354637,72.120105360585,0
48.5931027364539,20.693403547149,11.2521567130587,1
75.9350440971235,81.1297152689635,43.5734999844978,1
50.5571924581271,87.5723443036112,50.5571924581271,0
63.7398941581348,68.7453544035631,63.7398941581348,0
14.8565597318346,5,14.8565597318346,0
33.989814858482,5,33.989814858482,0
104.562266662184,69.913674795065,155.967662236166,1
67.8516631198252,84.3086884610734,67.8516631198252,0
72.415246678099,77.0225079448661,72.415246678099,0
59.1840532868947,41.2732770848464,59.1840532868947,0
54.7967725639753,72.9439999971853,54.7967725639753,0
14.8543166971471,35.9786672665437,14.8543166971471,0
56.8197168164112,70.8527391414875,56.8197168164112,0
47.491851368597,55.3574903824991,47.491851368597,0
75.6951686647728,63.5135365959709,75.6951686647728,0
48.9102001299118,33.6657952855472,48.9102001299118,0
75.9389791680256,53.7141741329932,75.9389791680256,0
66.078942331935,88.0128070713498,66.078942331935,0
66.0492122915357,88.1341573001599,66.0492122915357,0
44.0036806954507,59.2447740318479,44.0036806954507,0
26.5240592517113,7.18861186659321,26.5240592517113,0
61.6881895208011,53.6001912069,61.6881895208011,0
61.8439129323951,54.5332227064825,5,1
32.1070418776044,14.7229991182359,32.1070418776044,0
53.791260744887,58.5142559132622,53.791260744887,0
49.8998409032191,54.5428975512297,49.8998409032191,0
55.8052119813143,41.8588911589192,55.8052119813143,0
44.6254772644659,29.0292252425221,44.6254772644659,0
50.447576569577,43.8758787188956,50.447576569577,0
37.07478927425,39.8940024505441,37.07478927425,0
70.2960387342539,40.8045837606529,70.2960387342539,0
47.8233366703926,34.1652605668937,47.8233366703926,0
45.1076192577039,31.6960601705909,45.1076192577039,0
65.1831947919026,41.9182810382786,65.1831947919026,0
53.4196700887828,51.7668790293542,53.4196700887828,0
48.1942349133057,50.5374605412853,48.1942349133057,0
75.1215794751758,70.9024407349795,79.2293498047896,1
69.7893580122321,51.4305329941651,69.7893580122321,0
37.068028372882,32.0670205972954,37.068028372882,0
46.3771214013328,46.4055369533569,46.3771214013328,0
69.7298704328873,52.7855723174007,69.7298704328873,0
30.1392516246434,26.1695175980894,30.1392516246434,0
38.2052960152853,45.1497415904959,38.2052960152853,0
37.4376339009995,39.5123567517966,37.4376339009995,0
37.9142258331839,30.9977370145345,37.9142258331839,0
35.7275703196297,25.7895484705408,35.7275703196297,0
52.8732739997209,49.2731604611734,52.8732739997209,0
76.5817715706899,70.1961936583597,76.5817715706899,0
39.3991368898795,37.2642341566023,39.3991368898795,0
39.6424307282239,24.0656697652614,39.6424307282239,0
71.4216068135642,79.5986411874095,63.5114446900643,1
24.7910967488604,23.7548575906115,24.7910967488604,0
39.3013480300038,59.864037724074,39.3013480300038,0
67.5011492701696,108.712421815586,67.5011492701696,0
64.1290367774478,58.1951942237519,64.1290367774478,0
71.2608599674019,70.5831303332534,5,1
57.5906562748103,61.0615207468595,57.5906562748103,0
77.7428798684417,91.7301516979931,89.6754596561904,1
51.7418731571319,39.5859110418529,51.7418731571319,0
53.3762388861297,48.5753380286236,53.3762388861297,0
49.6342517849066,60.1258394943448,49.6342517849066,0
59.9056657236222,57.2295771592442,59.9056657236222,0
24.8058367172765,9.66072255718288,24.8058367172765,0
52.7545817539159,62.9856646640043,52.7545817539159,0
41.0171315736586,51.374366313266,41.0171315736586,0
59.1761959098052,81.0769114634189,59.1761959098052,0
67.2525442678923,64.9822895395192,42.6619855385931,1
48.5460960367352,32.5090022722803,48.5460960367352,0
63.5849505836526,75.2708807029276,63.5849505836526,0
57.6549063023146,64.7425549273572,57.6549063023146,0
71.7035760308866,59.9640592490896,71.7035760308866,0
46.1934263325968,48.2417772132607,46.1934263325968,0
28.9265001577866,34.9229351110705,28.9265001577866,0
64.8050714277848,58.4739094440665,64.8050714277848,0
52.200153750609,80.187117694559,52.200153750609,0
64.5903517417395,72.8664809681377,64.5903517417395,0
54.5223800356887,49.4810786209264,96.5417177116836,1
70.0335377482535,74.5662298107653,74.8901202555939,1
45.384000616883,31.8550738982707,45.384000616883,0
58.7655550996964,70.2414548472647,58.7655550996964,0
63.6255316116491,75.4352232974899,190.217465588073,1
45.4746670472905,67.1024642640284,45.4746670472905,0
67.8592525044865,68.1457003695427,67.8592525044865,0
71.5732361065154,87.2545176629083,71.7148384597013,1
18.9216207984016,13.3168200067469,18.9216207984016,0
44.485525264993,34.8397923712982,49.0408434922601,1
55.426740282415,43.5948227029764,55.426740282415,0
80.7623804984028,81.1747888387666,128.490687087015,1
38.075577107444,33.4805394008041,38.075577107444,0
71.2936919185375,86.9209771667909,71.2936919185375,0
74.5882743137604,68.3361899112692,28.4595683288307,1
40.1760308597439,40.4567630152384,40.1760308597439,0
51.588731341224,51.2418351086436,51.588731341224,0
52.8684500058278,47.0228983440294,52.8684500058278,0
60.940194397716,32.9052867488929,60.940194397716,0
25.9084093652878,50.7532484861779,25.9084093652878,0
5.18826692377858,5,5.18826692377858,0
69.131228373645,78.2500980190845,69.131228373645,0
55.5572709219821,62.0673981012827,55.5572709219821,0
51.1216747999291,40.5505537444878,51.1216747999291,0
60.1659121134086,62.1931981104922,5,1
57.2403284526142,29.9855465229814,57.2403284526142,0
69.106956003201,71.6197654627801,69.106956003201,0
21.7314712115356,25.7962670423503,21.7314712115356,0
28.0966186555564,36.5915081316442,28.0966186555564,0
80.3816033494015,73.012368360994,80.3816033494015,0
29.9125577980468,37.3287797895765,29.9125577980468,0
28.9421074117263,5,28.9421074117263,0
54.6004771439538,73.5593528344608,54.6004771439538,0
55.9870663340358,46.0746224782391,55.9870663340358,0
33.0651484580444,29.9558182180398,33.0651484580444,0
48.7089294913991,57.4339345566418,48.7089294913991,0
63.6527051996046,58.8387540450114,63.6527051996046,0
45.8961646699749,29.5047093452758,45.8961646699749,0
53.9617069559019,34.1203706952402,53.9617069559019,0
75.0091576135726,106.160123435207,5,1
43.4838690662453,46.4449157546168,43.4838690662453,0
63.2979200250618,68.3027938412454,63.2979200250618,0
29.3701315038779,36.8772391798029,29.3701315038779,0
47.0990784608215,69.1800646156027,47.0990784608215,0
85.9564635038639,55.8706832776947,85.9564635038639,0
61.355923892799,57.1149704679321,61.355923892799,0
70.1283359176444,81.3709483812072,92.3888024438829,1
75.4171269361682,90.9385505054839,91.1305110250783,1
53.4106770501927,70.1579923056712,53.4106770501927,0
55.6225104284365,32.7974310074072,55.6225104284365,0
71.7984657773213,68.7084388707351,71.7984657773213,0
58.5874430458259,52.6906465133653,58.5874430458259,0
39.4137409568785,49.7438066181305,39.4137409568785,0
47.6236643682588,33.0374492364308,47.6236643682588,0
60.7628443731161,50.9876998444368,60.7628443731161,0
52.787916019574,71.2755439446806,52.787916019574,0
45.2428723162381,58.5512008108185,45.2428723162381,0
55.8445584096945,58.6279977825586,55.8445584096945,0
51.3009816472292,59.0547716394811,51.3009816472292,0
73.5433234529228,77.4702525073214,61.0402671368571,1
52.325096549679,56.6215130179301,52.325096549679,0
73.5470436906164,65.3195468213364,73.5470436906164,0
38.7674975299708,48.7996340992545,38.7674975299708,0
47.5871469893581,28.60861180799,47.5871469893581,0
29.3333044836034,20.2052271538227,29.3333044836034,0
55.6008707259565,74.1659899645671,55.6008707259565,0
46.582847744731,21.9948639050835,46.582847744731,0
16.6395691356894,14.8379220814069,16.6395691356894,0
44.54831784038,36.0175815324401,44.54831784038,0
